"","elpd_diff","se_diff","elpd_kfold","se_elpd_kfold","p_kfold","se_p_kfold"
"model2",0,0,-1081.66122236431,13.7865848136886,36.1534456775102,0.685707580762167
"model1",-0.669086431759929,0.694470157176882,-1082.33030879607,13.8401005164391,744.654261730146,15.5244048875106
"model3",-1.24682787619855,0.667615251019738,-1082.90805024051,13.8134054255224,751.773372084343,15.3258495371746
