"","elpd_diff","se_diff","elpd_kfold","se_elpd_kfold","p_kfold","se_p_kfold"
"model3",0,0,-1131.51422805024,9.9027924359658,379.462184148219,11.6976523939033
"model2",-0.334264789154564,0.439326333138643,-1131.8484928394,9.91302654724383,47.0868427132117,0.609001193773902
"model1",-1.19229713990834,0.611684804767074,-1132.70652519015,9.92327787485239,359.894744914325,12.0191726498226
