"","elpd_diff","se_diff","elpd_kfold","se_elpd_kfold","p_kfold","se_p_kfold"
"model2",0,0,-1129.34357056065,10.1989104333013,47.3832160366251,0.678022619940948
"model3",-0.0713322309968696,0.592927704626096,-1129.41490279165,10.2156405795125,1014.0221923266,10.8729476031652
"model1",-0.172537049301565,0.681514006857104,-1129.51610760995,10.2014648538666,1012.94342775024,10.8897955547207
